brand,car_age,km_driven,engine_capacity,mileage,previous_owners,fuel_type,transmission,selling_price
BMW,8,129398,2841,18.929548988912337,3,Diesel,Manual,912932
Honda,7,115677,1941,13.969525403880361,3,Diesel,Automatic,1727671
Mercedes,11,53320,2435,19.92953417190803,2,Petrol,Manual,1181271
Tata,13,130354,2203,22.22409592810809,3,Petrol,Automatic,2429537
BMW,8,93009,2743,21.670378647169798,2,CNG,Manual,1192206
Toyota,6,33625,1478,21.412769963961725,1,Diesel,Manual,2438154
BMW,9,29089,806,12.815836085383781,1,CNG,Automatic,203285
Mercedes,5,41487,2391,11.32577420476778,3,CNG,Manual,1396352
Tata,3,115448,1632,20.484232427310786,3,Petrol,Manual,1904491
Honda,3,55138,2610,15.52520820691527,3,CNG,Manual,1581688
Mercedes,1,59061,1713,16.48519339605021,2,Diesel,Automatic,1302491
Mercedes,12,106376,2811,10.467236391900865,3,Petrol,Manual,865979
Toyota,8,84134,2242,13.893646739125739,3,Diesel,Automatic,1452038
Mahindra,2,52055,2250,10.50514605811696,1,Diesel,Manual,984278
Tata,3,24508,2302,23.187786589018714,3,Petrol,Manual,2143508
Hyundai,8,115169,925,13.650950248277958,1,Diesel,Manual,707553
Mercedes,14,13125,1616,18.36005754359512,3,Petrol,Manual,1176778
Mahindra,8,41059,2629,10.584689809916956,1,Diesel,Automatic,1455802
Hyundai,14,108409,1375,20.00271086958487,3,Petrol,Manual,1481745
Tata,11,10704,2215,14.845410186311408,1,CNG,Automatic,731661
Maruti,4,116279,1729,23.468787804364986,2,Diesel,Automatic,2102871
Mahindra,4,123516,2263,23.321772834010538,1,Petrol,Manual,822215
Audi,5,119044,1632,14.879359275426218,1,Diesel,Manual,2011049
Maruti,6,34165,1854,23.51441343535702,1,Diesel,Automatic,546229
Toyota,5,72203,2448,24.94236510248168,3,Diesel,Automatic,1366572
BMW,14,9114,2700,22.38123496185922,3,Petrol,Manual,763508
Honda,7,41321,2257,22.673070216328433,3,CNG,Manual,1764547
Audi,2,78297,2199,13.735131041636349,2,CNG,Manual,731930
Toyota,7,101652,1242,18.650535982866344,2,CNG,Manual,279971
Tata,10,104304,2922,11.008838709510517,1,Petrol,Manual,1828420
Toyota,7,22772,1356,11.423769052325046,2,CNG,Automatic,1675552
BMW,1,108754,1978,24.98338918049936,1,Petrol,Manual,2073200
Tata,7,8712,2837,14.899588741388664,1,Diesel,Manual,1766049
Audi,5,137439,1162,21.222758680732696,1,Diesel,Automatic,597597
BMW,3,120142,2057,22.099975795402248,2,CNG,Manual,1661350
Hyundai,13,96736,2641,22.87034906510844,3,Petrol,Manual,1541502
Honda,3,56924,2650,24.964424461032348,2,Diesel,Automatic,1515502
Audi,4,8726,2972,13.622447278853018,1,Petrol,Manual,385784
Hyundai,13,94152,1710,10.605262402895496,1,Petrol,Automatic,1485412
Audi,12,32723,1044,16.167872769918787,2,Diesel,Manual,1399110
Tata,2,131969,1341,11.951210047434204,1,Petrol,Manual,1046462
Hyundai,2,105494,2969,10.336388337430828,1,Diesel,Manual,923879
Honda,1,145180,2972,15.406402407122291,2,Diesel,Automatic,2394621
BMW,5,40643,2372,21.756073766128544,2,Diesel,Automatic,1819814
Mercedes,4,108896,923,18.492710368376063,2,Petrol,Automatic,1644315
Toyota,11,144999,2531,14.69166983815531,1,Diesel,Automatic,1702718
Maruti,10,98680,1585,19.815130082390795,1,Petrol,Manual,1389325
Honda,2,101546,2843,13.48027270463216,3,Diesel,Automatic,1394737
Hyundai,3,84973,1596,10.215721691081276,3,Diesel,Automatic,598825
Mercedes,7,68449,876,21.46530079654641,2,CNG,Automatic,1955089
Honda,7,114834,858,19.35614627296014,3,CNG,Manual,2085547
Hyundai,12,30537,2323,21.4345393675144,1,CNG,Manual,1271512
Mahindra,4,82576,2736,10.584070250314983,3,Petrol,Automatic,2085190
Mahindra,5,112522,2956,22.556794417459784,1,Petrol,Automatic,701477
Honda,5,27612,2101,19.292893000544552,2,Diesel,Manual,1097691
Mahindra,6,11471,867,18.450930260689603,2,Diesel,Automatic,430596
Hyundai,14,36348,2732,19.369210721717973,1,Diesel,Automatic,1867906
Hyundai,9,6177,1164,22.96649870302546,3,Diesel,Automatic,999595
Honda,2,140832,1620,18.804047598383605,2,Petrol,Automatic,1916473
Mercedes,5,37779,2202,18.714255698322688,2,Diesel,Manual,1795283
BMW,12,26636,1746,24.860187355986486,3,Diesel,Manual,1633482
Audi,3,86889,2377,21.35095250602852,3,CNG,Manual,494358
Mercedes,4,58551,2177,16.63440708176703,1,Diesel,Automatic,1996870
Tata,10,147628,2239,20.610955000493917,3,Diesel,Automatic,726701
Hyundai,6,147635,1561,15.838457075376827,3,Diesel,Manual,1782369
Tata,12,51819,1140,13.433131937252485,3,Petrol,Manual,976041
Mercedes,8,78770,1182,18.95277815331639,1,CNG,Manual,1381753
Audi,1,83714,1803,23.92273147170927,1,Diesel,Automatic,1447752
Audi,10,29596,2356,23.93709280023194,2,Diesel,Manual,590447
Maruti,14,69106,1099,15.128579171582356,1,CNG,Automatic,700850
Audi,8,64182,938,17.915161993325427,2,Diesel,Automatic,1363473
BMW,11,92163,1158,13.174538478547918,3,Petrol,Manual,1306984
Audi,14,44310,1635,24.93446664248325,2,Diesel,Manual,316908
Mercedes,7,61088,2322,24.716768618019035,2,Petrol,Automatic,1852595
Maruti,1,133803,2427,19.742633945611708,3,Petrol,Manual,1051563
Mercedes,2,144978,2782,22.0662108951621,2,Diesel,Manual,1050712
Mercedes,3,41914,2103,20.7265024192555,1,CNG,Automatic,1366374
Toyota,1,115350,1708,18.897373285592025,1,Petrol,Automatic,841142
Maruti,14,50379,1934,10.800219954833466,1,CNG,Automatic,437902
Mercedes,9,51413,2986,16.821465138289916,1,Diesel,Automatic,2360231
Toyota,8,142084,1795,20.12179453251116,2,Petrol,Automatic,1794441
Toyota,2,12151,2951,20.16297420825527,2,Diesel,Manual,510258
Maruti,13,62716,2037,15.596839276335754,3,CNG,Automatic,682450
Tata,9,98747,2584,24.12537979987046,2,Diesel,Automatic,2098238
BMW,7,149539,964,12.510355483551715,2,Diesel,Automatic,1936916
Audi,9,126999,1798,17.50539169323341,2,Petrol,Manual,1315770
BMW,6,119793,2107,20.363259648262343,3,Diesel,Automatic,1719598
Audi,6,113177,1456,20.457037088377138,1,Diesel,Automatic,2409485
Mercedes,11,17289,2709,19.729584351532232,2,Diesel,Automatic,245807
Hyundai,14,91365,2846,14.129323201777902,3,Petrol,Manual,1766089
Maruti,4,119014,2911,12.34309853029933,3,CNG,Automatic,1635986
BMW,10,77588,1940,19.539104902400663,3,CNG,Automatic,860501
BMW,10,68646,2689,18.989531742091565,1,Diesel,Automatic,1758274
Mercedes,13,8654,1066,12.690340154338614,2,Petrol,Manual,828580
Tata,13,23743,2645,20.57708718355845,3,Diesel,Manual,847272
Toyota,2,53368,2508,16.827579876004847,1,CNG,Manual,738065
Mercedes,7,142513,2310,20.016408874047293,3,Petrol,Manual,509963
Mahindra,5,124735,1275,22.56050619655226,3,CNG,Automatic,1383493
Toyota,11,124891,1776,12.545926428653846,3,CNG,Automatic,747578
Maruti,6,112971,2007,10.28717301995255,3,Petrol,Manual,1623271
Toyota,2,17149,1843,21.6865387959368,3,Petrol,Manual,623915
Tata,5,105102,2760,19.145461377289237,1,Diesel,Automatic,2472476
Toyota,10,64189,1357,20.494593544331828,2,Diesel,Automatic,2133690
Maruti,4,76031,1817,22.57232462482964,2,CNG,Manual,1907229
Tata,9,47668,2405,22.04216402236751,2,Petrol,Manual,1751726
BMW,6,149745,1682,24.41380220393237,2,Petrol,Manual,1043521
BMW,2,93204,2994,18.039026182781775,1,Diesel,Manual,397345
Audi,1,145507,1465,17.32743448989858,1,CNG,Automatic,1850870
Toyota,5,42384,2571,16.02830799836095,1,CNG,Manual,1525499
BMW,9,86929,1663,12.305365642663068,3,Diesel,Manual,1692832
Maruti,6,132959,1381,18.589108493230334,3,Petrol,Automatic,1008062
Honda,10,81153,1494,14.155187864889681,3,Diesel,Automatic,839724
Honda,12,80388,2051,23.819612683194634,2,Diesel,Automatic,867538
Tata,7,36401,2410,18.747862064156465,3,Diesel,Automatic,613151
BMW,5,124503,2039,18.892602707621652,2,Diesel,Automatic,2213338
BMW,10,132834,1198,15.32386991315515,3,Petrol,Manual,878387
Honda,6,39084,2746,10.779840279665612,2,Diesel,Manual,2262624
BMW,5,115641,1514,10.47615648059483,3,Petrol,Manual,651069
Toyota,11,110111,1503,16.350027162297962,3,Diesel,Automatic,2147175
Mahindra,9,143299,2514,11.268480671458567,1,CNG,Manual,267359
Hyundai,6,41041,2772,19.10270433310209,3,Petrol,Automatic,2242749
Audi,11,93920,881,23.214595084594862,3,CNG,Manual,1525831
Tata,8,70681,1403,23.24372224778083,1,Diesel,Manual,984681
Mahindra,2,86571,2770,19.885681151983484,2,Diesel,Automatic,486305
Honda,12,132556,2510,13.168477472093965,1,Diesel,Automatic,1105352
BMW,13,31160,2846,22.94495247038308,1,Petrol,Manual,1091255
Audi,9,22633,1702,23.29140152969812,2,CNG,Manual,2160022
BMW,5,22014,1164,12.94980377429438,3,Petrol,Manual,2478598
Maruti,7,85532,962,21.06139128656016,2,Petrol,Manual,617230
Maruti,10,54104,2663,14.297793233906845,3,Diesel,Manual,1853172
Audi,13,82231,915,22.039604685293945,3,CNG,Automatic,2081397
Audi,1,73388,1680,24.95856849855404,2,Diesel,Automatic,611377
Honda,10,21014,1639,10.450390079940892,1,Petrol,Automatic,1880664
Audi,5,97578,2994,23.46048798686398,2,Diesel,Automatic,962557
Toyota,12,45390,2146,19.33945800397987,3,CNG,Manual,1273078
BMW,14,28711,1836,24.600739287472315,2,Diesel,Manual,235757
Mahindra,10,96658,1742,16.975142762896414,2,CNG,Automatic,782933
Mercedes,14,62993,2524,22.710818958570606,3,CNG,Manual,521199
Audi,2,12421,1937,10.935911028974159,1,Diesel,Automatic,1368391
Tata,12,22727,821,15.029185751174435,2,Petrol,Manual,1126502
Maruti,6,117418,2549,11.00524806626815,3,Diesel,Manual,1611746
Toyota,11,9358,1482,24.630147002186057,3,Petrol,Manual,2478701
Mercedes,1,70108,2633,22.25460860907755,2,Petrol,Automatic,2465125
Mahindra,3,99018,925,22.788211318689555,1,Diesel,Automatic,946631
Mercedes,5,129457,1076,24.06947847150841,2,Petrol,Automatic,229092
Audi,4,36910,2799,11.27655229179678,1,Petrol,Automatic,1118746
Honda,3,131888,2027,15.7839638877,1,Diesel,Manual,857191
Maruti,10,60754,1495,11.065523335660032,1,Diesel,Manual,2369934
Maruti,13,114847,2109,13.16189652325043,1,Diesel,Manual,1083435
Honda,5,43467,856,13.440486655565085,2,Petrol,Manual,2090576
BMW,11,38893,818,17.03660816571368,3,CNG,Automatic,2139309
Hyundai,8,81329,912,14.028432511804638,3,Petrol,Manual,407580
Toyota,11,36007,1341,11.514671602266416,3,CNG,Manual,969032
Maruti,4,59253,1378,12.512366336411615,3,Diesel,Manual,1872992
Tata,1,17323,1888,12.209133453281364,3,CNG,Automatic,747952
Maruti,11,116335,824,24.596151968684474,3,Diesel,Automatic,2023948
Mercedes,7,117356,2372,21.389387603777102,2,Diesel,Automatic,364244
Maruti,8,115944,2848,24.51642197904343,1,CNG,Manual,676857
Maruti,3,21456,2372,16.59610729761863,3,Diesel,Automatic,1312916
Hyundai,6,36367,940,14.175527224939849,2,CNG,Manual,1860100
Hyundai,2,59624,2567,21.9743979581378,3,Diesel,Manual,211017
Mahindra,7,146178,1447,14.893808770617202,3,Petrol,Manual,2071621
BMW,8,73008,1000,14.490750605580224,1,Petrol,Automatic,409720
Tata,6,130926,1056,13.487589883117469,1,Diesel,Automatic,2418222
Maruti,6,120395,1346,11.94518467336353,1,Diesel,Manual,2000493
Maruti,5,121492,1601,13.846945915251489,3,CNG,Manual,2332162
Toyota,8,77240,1741,15.329796227108314,3,Petrol,Automatic,1895625
Hyundai,1,69315,1213,20.109913122185958,3,CNG,Automatic,978928
Tata,10,15756,2814,10.938472633291774,1,Diesel,Automatic,2162160
Mahindra,4,41378,2181,13.157604094980144,2,Diesel,Manual,1934872
BMW,4,140327,1898,22.135354604375145,3,CNG,Manual,1851722
Honda,3,130703,1709,12.203828853756562,3,Diesel,Manual,237493
BMW,3,61549,987,15.139677197837823,3,Petrol,Automatic,1350311
Mercedes,4,78794,2815,22.969883827872103,2,CNG,Automatic,1795776
Maruti,11,50113,2113,12.32387966715164,3,Petrol,Automatic,2268535
Mahindra,1,79069,2892,11.241052534272848,2,Petrol,Manual,831581
Mercedes,14,141321,2930,17.268069926200162,3,Petrol,Manual,1886519
Tata,11,130541,1946,14.536292669178046,2,CNG,Automatic,821747
Honda,13,14686,1157,18.45112546725781,3,Diesel,Manual,1481258
Hyundai,11,58363,2351,22.05707335725213,1,Petrol,Automatic,628886
Mahindra,2,102543,1889,12.057227322291148,1,Petrol,Manual,429171
Mahindra,9,136733,2480,18.710486268314277,1,Petrol,Automatic,367558
Maruti,10,100673,961,17.58263140584796,1,Diesel,Manual,1183061
Audi,2,47828,1249,12.161181790197993,3,Diesel,Manual,496412
Mahindra,5,53604,2297,19.359977282934736,1,CNG,Automatic,2404490
Toyota,9,15526,1836,14.104606267911574,2,Diesel,Automatic,1543679
Honda,9,73910,2958,17.317514778160188,1,CNG,Automatic,2441530
Honda,8,30592,2750,11.234084864155928,1,CNG,Automatic,2474406
Toyota,1,33982,2113,16.893760858204345,1,CNG,Automatic,1698118
Toyota,1,5207,2038,14.596952020642306,3,CNG,Manual,2000831
Toyota,9,93733,1773,22.335718167780314,1,CNG,Automatic,1794362
Honda,13,129982,1431,10.854680904960524,2,Petrol,Automatic,2268710
BMW,11,73619,2390,16.27910912377495,1,Diesel,Automatic,2324349
Honda,8,51479,1850,16.876471361971568,1,Petrol,Manual,1207705
Audi,10,146826,2388,20.87509114448678,1,CNG,Automatic,2405927
Maruti,9,86437,2493,18.614313626353166,2,Diesel,Automatic,1046056
Mercedes,7,103540,1236,20.008185057912716,1,Petrol,Automatic,516790
BMW,3,77982,2356,21.65573928477634,2,Petrol,Manual,2116195
Hyundai,3,107747,1876,22.933044604872833,2,CNG,Manual,245712
Mercedes,2,53231,2104,14.708132450837057,1,Petrol,Automatic,533964
Maruti,5,34301,2878,18.070340580458545,2,Petrol,Manual,2422494
Audi,12,23752,982,22.601621176587997,3,Petrol,Automatic,1864092
Audi,12,103452,2269,24.841766964475845,1,Petrol,Manual,536497
Hyundai,3,149467,2279,23.342789665656447,1,Petrol,Automatic,687707
BMW,14,126237,2389,15.572008939365652,2,CNG,Manual,292091
Toyota,6,61273,2387,12.927497758279756,2,CNG,Automatic,1596634
BMW,2,96878,1459,17.34088806109883,1,Petrol,Automatic,1430478
Audi,12,9895,959,21.124621777540632,3,CNG,Manual,1093150
Honda,3,124968,1811,17.38853606129946,2,CNG,Automatic,735827
Maruti,5,120700,852,17.247712949705026,2,Diesel,Automatic,1132196
Hyundai,12,81559,1845,22.57345631622701,3,Petrol,Automatic,2249736
Maruti,11,15699,1853,15.421056686007795,3,CNG,Automatic,1524054
Tata,11,14715,2028,22.896920122174684,1,CNG,Manual,621743
Tata,1,24169,2294,16.102072014275855,3,Petrol,Automatic,1763482
BMW,13,123413,2289,14.92349658517509,1,Diesel,Manual,1830872
Audi,1,124264,1835,16.809848667995485,3,Petrol,Manual,1725068
Audi,10,10782,2750,21.436704380123025,2,Diesel,Manual,1610038
Toyota,9,129481,1649,11.890030417959913,1,Petrol,Manual,619924
Toyota,7,40585,1153,12.94628823808026,1,Petrol,Automatic,1914796
Toyota,1,35682,1898,24.271672384946378,1,Petrol,Automatic,2183518
Honda,12,134992,2539,12.63237441072036,3,Petrol,Manual,2364452
Mercedes,14,89416,2264,18.51590976896582,2,Diesel,Automatic,591407
Mahindra,8,132810,1790,18.689716999929068,1,Diesel,Manual,1007274
Mercedes,3,43067,2064,17.344366930753672,1,CNG,Automatic,2335896
Maruti,8,23073,2684,19.67117872865228,1,Petrol,Automatic,578226
Mercedes,5,41035,2609,13.447400886964276,1,Diesel,Automatic,2164078
Honda,1,95373,1911,18.289934016651223,2,Diesel,Manual,2156678
Maruti,7,88362,1617,15.582598828703457,3,Diesel,Manual,2126252
Mercedes,5,95517,2599,19.925008894437838,2,Petrol,Automatic,2274278
Honda,6,70450,2760,12.118353150597242,1,CNG,Manual,2218852
Mahindra,6,15382,1688,18.563161252592145,2,Diesel,Manual,989622
Mercedes,8,140509,2655,12.779055330749856,1,Petrol,Automatic,2345265
Honda,9,66929,1980,14.179645946725547,3,Diesel,Manual,339861
Toyota,2,103864,1467,13.280647004853748,3,Diesel,Automatic,1280701
Audi,9,148401,1432,12.742566698032256,3,CNG,Automatic,1478343
Toyota,12,30169,2442,22.385664273410004,1,Diesel,Automatic,890778
Audi,11,92468,936,14.285613514913354,2,Diesel,Manual,378157
Hyundai,10,39594,2746,23.90685672796674,3,Petrol,Automatic,1953897
Hyundai,9,50033,2497,24.54889788017786,1,Petrol,Automatic,811709
Hyundai,13,68133,1227,18.56890704905646,1,CNG,Manual,1965018
Mahindra,10,78861,2275,12.145016839985896,2,Petrol,Manual,2041903
Toyota,10,36750,1618,15.618223650693718,3,Petrol,Manual,1429959
Audi,7,45461,2988,21.96598395022321,1,CNG,Manual,944854
Honda,1,83222,1906,15.510860930456058,2,Diesel,Automatic,2368169
Maruti,7,117020,997,11.305258274541831,3,CNG,Manual,1863229
Honda,10,29226,2795,18.35177366392282,2,Petrol,Manual,1858332
Maruti,5,11721,1270,22.67681277244052,2,CNG,Manual,457137
Tata,6,25609,2748,21.938895807152534,1,Diesel,Manual,1549651
Honda,10,135513,1728,12.626847101955299,1,CNG,Automatic,1304399
Mercedes,7,109211,2810,20.091469216187,1,Petrol,Manual,1024464
Mercedes,14,141728,1705,13.307563951534707,2,Petrol,Automatic,971279
BMW,5,129865,822,13.273113018282583,1,CNG,Manual,1267383
Toyota,7,79520,1034,23.11107659957778,2,Diesel,Automatic,863431
Maruti,9,69309,1924,13.745034291103453,2,CNG,Automatic,777701
Maruti,3,34984,1728,13.948710197770168,1,Diesel,Manual,1788404
Toyota,8,123947,1322,10.009800861419492,3,Diesel,Automatic,2005148
Mahindra,2,10901,2608,23.060035511882766,3,CNG,Manual,1318824
BMW,11,36055,1230,21.88892219813702,3,Diesel,Automatic,452515
Mahindra,7,119099,1592,19.40993402636017,2,Petrol,Automatic,1359070
Mahindra,13,16138,2429,21.253986459082633,2,CNG,Automatic,809723
Mahindra,2,28429,2536,12.280728511367377,2,Diesel,Manual,744075
Toyota,14,55200,1332,16.87485391881363,1,Petrol,Automatic,483126
Mahindra,4,106268,2546,15.268290810231713,2,CNG,Manual,2176230
Mercedes,7,22347,2475,11.406647893855247,1,Petrol,Automatic,972783
Hyundai,3,36822,2116,17.29195727822386,1,Petrol,Automatic,2409375
Tata,2,45108,1712,23.81109475513953,3,Petrol,Automatic,1819800
Maruti,11,133955,1924,10.600886785760418,3,Diesel,Automatic,1126097
Maruti,10,12967,2325,14.371913702406907,3,CNG,Automatic,2183438
Tata,7,115719,2127,13.113114043085552,1,CNG,Automatic,1199647
Toyota,1,16871,1823,13.572199804985445,1,Diesel,Manual,583609
Honda,14,33179,2376,23.62651827819063,1,CNG,Manual,2063082
Toyota,8,60099,2178,17.021035813514352,2,Petrol,Manual,1953313
Maruti,3,40262,2319,16.994491194097282,1,CNG,Automatic,2448885
Maruti,12,83213,2481,21.408634636829234,3,Diesel,Manual,1772088
Tata,12,122407,2797,12.317383060073887,3,Petrol,Automatic,1486353
Mahindra,13,91269,1026,17.30898031150076,1,Diesel,Manual,2464719
Toyota,2,65545,2059,16.449778211815897,1,Petrol,Manual,1262279
Audi,3,44922,1672,18.95366035819984,3,Petrol,Automatic,1170584
Tata,5,47913,1691,24.99336554875658,1,CNG,Automatic,1103923
Mercedes,11,102033,2278,21.54173341123071,3,Petrol,Manual,1861342
Maruti,8,109792,1836,15.967985545261408,2,Diesel,Manual,1019593
Tata,10,124863,1196,22.413295784110705,3,CNG,Manual,1651508
Toyota,7,49936,1923,12.560625449687203,2,Diesel,Manual,1224603
Maruti,7,33141,2878,10.456955294634401,1,Petrol,Automatic,2279368
Honda,12,145146,1448,13.066725586964097,1,Diesel,Manual,1579641
Tata,7,142478,1128,15.106173341713895,2,Diesel,Automatic,891898
BMW,8,102359,2282,17.6587113618934,1,Petrol,Automatic,824860
Maruti,1,128279,1751,19.226937108117998,2,CNG,Manual,1216783
Toyota,4,46568,2805,23.659085758216328,1,Diesel,Automatic,1517933
Hyundai,13,102539,2816,17.647810143256866,3,Petrol,Manual,2472447
Audi,6,51851,2678,17.51913466938594,1,CNG,Automatic,2126663
Mahindra,9,59823,1996,10.753645147344733,3,CNG,Automatic,985786
Toyota,13,28312,2572,10.523673289843357,3,CNG,Manual,1316850
Mercedes,2,103723,961,18.26739942874558,2,Diesel,Automatic,2126436
Mercedes,1,17411,2551,16.57267919872517,1,Diesel,Automatic,763889
Hyundai,13,62009,1575,22.58770592470448,2,Diesel,Manual,2108897
Mahindra,10,37371,2627,12.410193770677678,1,CNG,Automatic,477834
BMW,12,62022,1851,10.374574931755744,3,Diesel,Automatic,1512629
Hyundai,14,76229,1739,16.73558151895189,3,Petrol,Manual,1590752
Hyundai,2,104071,1339,13.562178351283862,1,Diesel,Manual,736350
Maruti,7,101774,1621,10.744215600082562,1,Diesel,Automatic,537530
Mercedes,3,31715,2261,20.868974302714435,2,CNG,Automatic,1938667
Maruti,10,32605,1888,11.673894999358712,1,Diesel,Automatic,1384801
Audi,2,104853,1155,19.124792500116577,1,Petrol,Manual,828758
Mahindra,14,36174,1034,14.215746252503337,1,CNG,Automatic,1932141
BMW,11,146028,2348,12.60244075532533,2,Petrol,Automatic,288887
BMW,7,81373,2896,15.696272843789762,1,CNG,Automatic,1035544
Toyota,13,74252,917,22.021686643344303,3,CNG,Automatic,2439164
Hyundai,13,75017,2901,15.88140365356859,2,Diesel,Automatic,2094018
Audi,2,68037,2473,21.261544738165835,2,Petrol,Automatic,486629
Mercedes,3,94818,1867,11.88229445198726,3,CNG,Manual,2140592
BMW,11,11548,2900,21.591571294976188,3,Diesel,Manual,1834461
Audi,7,121981,1357,13.553999873599729,3,CNG,Automatic,2214601
Honda,14,29022,2615,20.16089694833309,1,CNG,Automatic,2016418
Honda,4,111297,2805,18.486723322614946,3,CNG,Manual,958271
Maruti,13,141614,1197,23.93717075817531,1,CNG,Manual,1946988
Mercedes,14,65428,1474,15.80983776962971,2,CNG,Manual,350635
Toyota,1,64353,1186,10.992477832516606,2,CNG,Automatic,902682
BMW,13,118132,2958,10.287332283268794,3,Diesel,Automatic,1220346
Hyundai,14,21052,2864,22.4028784145913,1,CNG,Automatic,2086522
Hyundai,5,105689,1683,17.871034564921484,3,Petrol,Automatic,1529328
BMW,12,136743,1340,21.62866077752424,3,Diesel,Manual,452773
Mahindra,9,5163,970,13.516384000172721,1,Petrol,Manual,1034938
Toyota,8,46424,1539,15.176256182698506,3,CNG,Manual,1007400
Audi,12,146706,2201,10.451558083169784,2,Petrol,Manual,589821
Mahindra,9,140870,918,24.422384868611683,3,CNG,Automatic,2477732
Mahindra,10,27420,2951,20.0180186005122,1,CNG,Automatic,372903
Maruti,14,125575,2795,23.998076316389593,1,Diesel,Manual,302951
Honda,9,34300,2505,13.982446111436085,2,Diesel,Manual,505745
Mahindra,7,94881,2522,19.171954168384914,1,CNG,Manual,1979892
Mahindra,4,15749,2497,20.177499524389567,1,Diesel,Manual,2369330
Tata,5,109131,2244,14.763245503863827,2,Petrol,Manual,1408402
Maruti,1,133563,2559,22.72163852523445,3,Diesel,Automatic,2367045
Mercedes,14,42487,2324,24.207421943503718,2,Diesel,Automatic,548943
Tata,1,26223,1464,23.272826765440065,3,Petrol,Manual,713223
Tata,3,77930,832,21.08600463909059,2,Diesel,Manual,1523921
BMW,13,33380,2902,14.16197019587431,3,CNG,Manual,1120243
Honda,14,31035,2859,14.224240631584475,2,Petrol,Automatic,1390283
Mahindra,8,35620,2351,24.45040480669057,3,CNG,Automatic,1782828
Honda,14,122360,1519,10.15426743903538,2,Petrol,Automatic,621001
Toyota,2,58352,1283,20.740749598632167,3,CNG,Manual,212336
BMW,4,8191,1772,20.593692438328933,2,CNG,Automatic,1063907
Mercedes,2,95536,1106,19.340343114246963,1,Diesel,Manual,1669204
Honda,14,109576,1256,24.85163269130299,3,CNG,Automatic,1048182
Hyundai,5,8631,1130,14.678191536455879,2,Diesel,Automatic,2125656
Toyota,9,142244,1024,15.099577956898724,3,Petrol,Automatic,628670
Maruti,1,47080,2279,11.184091044198333,3,CNG,Manual,1049104
Mercedes,5,95353,1882,16.641972048156063,2,CNG,Manual,489372
Toyota,14,33671,1443,13.915727893522721,3,Petrol,Automatic,214429
BMW,9,127811,1415,15.150800532664663,2,Petrol,Manual,1332870
Tata,1,132734,994,22.518576853834414,1,CNG,Manual,1432663
Tata,9,56399,1288,24.032267702912435,3,Petrol,Manual,1074506
BMW,8,12099,2049,12.785996080077783,1,Diesel,Manual,1043810
Audi,4,61492,1902,15.587633973301987,3,Petrol,Manual,237310
Tata,12,101722,1947,23.92945843173091,3,Petrol,Manual,399899
Maruti,11,35111,2041,10.92712691033834,3,CNG,Manual,628472
Maruti,10,68936,1315,11.385407921670678,2,Diesel,Automatic,407500
Hyundai,5,65920,2425,12.44186483809344,1,Petrol,Manual,299862
Mahindra,13,68530,1927,18.92819251190312,3,Diesel,Manual,1220498
Audi,5,12788,1192,12.257084065089963,2,Diesel,Automatic,1562148
Mercedes,11,33082,1430,24.521145721761002,3,Diesel,Automatic,567968
Tata,12,128287,2647,16.700717908877806,2,CNG,Automatic,991841
Maruti,6,94570,1779,17.522769405252497,3,Petrol,Automatic,1291014
BMW,7,106015,1233,13.699879237081097,1,CNG,Manual,441482
Tata,8,88588,1077,17.064403786521,1,Petrol,Automatic,985372
Mahindra,14,93340,1032,19.928704489555173,3,Petrol,Automatic,2261439
BMW,8,99439,2352,21.26765705431064,2,CNG,Manual,912222
Toyota,11,146214,2394,21.308021240648696,3,Diesel,Manual,2060966
Toyota,14,120053,1913,18.668366690411325,2,Diesel,Manual,1455950
Tata,13,53355,825,23.56539662490786,3,Petrol,Automatic,2000266
Mahindra,2,145938,2217,22.26111770959164,2,CNG,Manual,537766
Audi,9,130426,1260,21.35572172047938,1,Diesel,Automatic,1750531
Tata,7,69027,1891,10.83408282520691,3,Diesel,Manual,281948
Maruti,4,97601,1806,10.10316943329474,1,Petrol,Manual,1848655
Honda,4,34956,2794,13.186709157932095,1,Petrol,Automatic,1815270
Tata,11,109797,1290,19.952853908701783,3,CNG,Manual,1289100
Tata,8,129917,1872,16.167962333238187,3,Petrol,Manual,2451556
BMW,4,131303,1015,16.036093889489678,2,Diesel,Manual,2407312
Honda,13,141511,2523,23.268803323444207,2,Diesel,Manual,1395412
Maruti,6,47533,2392,23.43344272197758,1,Diesel,Manual,1931499
Tata,5,83815,958,23.637628960803788,2,Diesel,Automatic,680891
BMW,3,44279,1485,14.708171147725409,2,CNG,Automatic,1416018
Mahindra,13,114787,2576,20.36583719108893,3,CNG,Manual,768933
Tata,14,66063,2852,14.074497719115545,2,Petrol,Automatic,584903
Honda,10,132896,2643,12.859147496116748,1,Petrol,Automatic,981608
Hyundai,11,102661,2389,12.769486860210538,2,Petrol,Automatic,1334077
Honda,2,143051,2496,15.13161431295391,1,CNG,Manual,1366026
Toyota,9,128257,2746,16.449364296697325,3,Diesel,Manual,1968407
Maruti,10,91205,2862,22.464237565826025,1,Petrol,Manual,1527676
Mercedes,9,11910,1945,11.798366402090682,2,Diesel,Automatic,1131398
Tata,1,51857,2381,21.02388771092341,3,Petrol,Automatic,2276664
Honda,10,39964,2732,17.97182371283958,2,Petrol,Manual,1740710
Mercedes,3,142050,2557,14.319180140139888,3,Petrol,Manual,1789573
BMW,8,22153,2850,17.39229376799237,3,Petrol,Automatic,2466898
Hyundai,6,64765,1789,14.49913104665534,2,Petrol,Automatic,1767043
Maruti,5,113212,2341,18.94122932857459,2,Diesel,Manual,300025
Honda,5,44071,1916,16.50765884282866,3,Petrol,Automatic,1399728
Mercedes,6,117990,1292,12.46608293618318,3,Diesel,Automatic,1743992
Hyundai,7,74519,1419,11.74874611833545,2,CNG,Automatic,2481636
Toyota,1,14503,2897,18.200435231081954,1,Petrol,Automatic,2159484
Maruti,9,100457,2346,23.53619549929155,2,Diesel,Automatic,390043
Maruti,3,50838,1662,15.159365298365284,3,CNG,Automatic,2205789
Toyota,4,130200,2491,20.99500160833935,2,CNG,Automatic,967128
Tata,10,94489,2405,19.879920324096503,1,CNG,Manual,515104
Toyota,1,31806,1379,23.973323714642213,2,Diesel,Manual,634368
Maruti,13,75119,2690,22.314715259487112,3,Petrol,Automatic,2120773
Maruti,11,43714,2075,18.499078883581944,2,Petrol,Automatic,2083145
Mercedes,10,60419,2655,19.85545747351161,3,Diesel,Automatic,1367498
Hyundai,3,110432,2155,23.475796998760522,3,Petrol,Manual,716576
Toyota,2,97949,1962,15.992781768804022,2,Diesel,Manual,1688204
Hyundai,2,138533,1156,14.90192058786666,3,Petrol,Automatic,1554596
Toyota,14,81971,2424,10.162166254527945,3,CNG,Manual,1333009
BMW,1,98471,2806,22.398266112871966,1,Petrol,Automatic,2370856
Maruti,8,69946,1669,22.014710506050474,1,Diesel,Automatic,731149
Mercedes,3,103989,1685,11.56681777150227,1,Diesel,Automatic,438366
Hyundai,3,89080,2801,18.652860716990503,1,CNG,Automatic,524058
Toyota,6,82794,2213,16.95972547250331,3,Diesel,Automatic,1312464
Audi,13,35841,2083,11.780636432636673,2,Petrol,Automatic,1065718
BMW,8,129447,1419,24.708523405910853,3,Petrol,Automatic,413596
Honda,13,125029,1682,13.220438311950332,3,CNG,Manual,268515
Tata,9,81272,1596,11.008512701358416,3,Diesel,Automatic,616740
Hyundai,9,42643,2972,18.922710692528643,2,CNG,Manual,1413013
Mercedes,4,48950,2096,21.08300015699549,1,Petrol,Automatic,2093884
Honda,14,105500,1418,10.486651690707804,3,CNG,Automatic,1141208
Audi,5,130588,2634,19.880764580905332,3,Diesel,Manual,388929
Tata,2,20997,1044,17.98437813927182,1,CNG,Manual,2260035
Audi,11,84751,1729,11.548975133125726,3,Diesel,Automatic,1864005
Honda,9,103605,2070,12.58785815419543,2,Diesel,Manual,2253780
Tata,8,60533,1319,18.519614459741206,3,Petrol,Automatic,1613110
Audi,3,87566,807,14.445364202699325,3,Petrol,Automatic,1607576
Mercedes,11,113255,2819,24.07473592976974,1,Petrol,Manual,2101209
Toyota,12,63005,1294,22.28110344226076,3,Diesel,Manual,222995
Maruti,13,48541,2429,24.753508097704945,3,CNG,Manual,1078752
Toyota,9,28387,1862,13.895062584256209,2,Diesel,Manual,1853005
Honda,3,98980,986,24.545854491969656,1,Petrol,Automatic,2249079
Hyundai,9,90457,2677,16.468508046873367,1,Petrol,Manual,1912355
Maruti,2,149129,2940,15.21278192970632,2,CNG,Manual,641168
BMW,12,69028,885,10.7552429045403,3,Petrol,Manual,889197
Mercedes,10,124246,936,10.791478867894039,1,Petrol,Manual,1952813
BMW,9,60731,2921,20.38016883919982,1,Petrol,Manual,699471
Tata,8,49638,2436,16.86893491651042,3,CNG,Automatic,2080695
Maruti,9,25567,2551,13.397824390541587,3,Diesel,Automatic,955027
BMW,5,62804,2587,19.20955459487849,1,Petrol,Manual,1285852
BMW,11,113821,1671,13.792871773751667,3,CNG,Manual,1807387
Audi,11,8754,1743,18.66447631516634,1,Petrol,Automatic,689858
Toyota,2,32044,2426,15.388131204740354,3,CNG,Manual,210514
Audi,8,72260,1148,22.353283399177286,3,Petrol,Automatic,2344608
Maruti,12,71912,2476,22.31044241150169,2,CNG,Automatic,2304385
Maruti,6,13706,1996,17.16025597183602,3,Petrol,Manual,1511822
Honda,8,13894,809,15.262286640025234,2,Diesel,Automatic,1096977
Audi,11,88986,2261,15.43839694838642,3,Petrol,Manual,828373
Mahindra,5,86942,1466,22.085717885023268,1,CNG,Manual,833389
Toyota,10,34725,2322,14.92269224196418,1,Petrol,Automatic,1357260
Maruti,2,141998,2976,13.13589060560269,3,Diesel,Automatic,1575520
Honda,6,109555,1400,11.270325128129603,3,Petrol,Manual,2238170
Audi,5,14496,1126,17.000396813266125,1,CNG,Automatic,2163853
Toyota,12,61447,1779,17.23198148379763,3,CNG,Manual,1187886
Audi,13,106604,1428,22.613630656043608,2,Diesel,Automatic,327602
BMW,12,93199,2429,13.318580446690959,2,CNG,Automatic,2161328
Honda,5,46321,1073,15.714869105025999,2,Petrol,Manual,1550093
Toyota,13,60147,1484,22.12608608340536,2,Petrol,Manual,393691
Tata,1,96396,915,22.354354161234603,2,Petrol,Manual,2494160
Tata,2,43787,1660,15.769166139681523,3,CNG,Automatic,481383
Toyota,8,26727,2803,16.886860349300214,3,Petrol,Manual,1390064
Audi,13,100081,1492,14.549288362739244,2,Petrol,Manual,748694
Honda,14,127721,1905,23.988323176289683,3,Petrol,Automatic,1761023
Tata,13,73056,2961,11.779656486123704,3,Diesel,Automatic,2203146
Honda,3,139153,2592,24.00624134502205,2,CNG,Manual,679969
Tata,10,85102,953,20.25799677753015,3,CNG,Manual,882346
BMW,3,81865,2700,17.973582290300968,3,CNG,Manual,1204411
Audi,8,72695,2227,10.489885911767438,3,Diesel,Manual,1001123
BMW,8,122235,2089,17.133942877330124,2,CNG,Automatic,400919
Tata,2,113777,1114,16.116221575040985,3,Diesel,Automatic,399542
BMW,8,24033,1864,12.41828217962684,1,Diesel,Manual,1920342
Tata,11,146877,904,19.846144052509853,1,CNG,Manual,2019833
Toyota,13,31832,2724,24.567263610524286,2,Petrol,Manual,2150500
BMW,13,120725,2713,18.432832165967877,1,Petrol,Automatic,1093061
Hyundai,1,24873,2016,20.721299146659188,2,CNG,Manual,1423045
Audi,6,45372,2224,11.026756788490252,1,CNG,Manual,847601
Maruti,8,94464,2572,16.265004937254922,1,Diesel,Automatic,2136983
Mahindra,3,122322,2760,11.745377277467439,1,CNG,Automatic,1604568
BMW,8,105082,2403,19.191937533047657,2,Diesel,Manual,960956
Mercedes,12,10110,1508,24.07723237321232,2,CNG,Manual,363543
Audi,1,17087,1450,19.92666598707458,3,Petrol,Automatic,571557
Hyundai,11,87617,1746,11.152045724716324,2,Petrol,Manual,699964
Hyundai,11,105483,1460,15.319993074776242,1,CNG,Manual,2351365
Tata,9,14596,2946,18.259950691612772,1,Diesel,Automatic,999458
Tata,13,112539,1932,16.048116341998785,2,Petrol,Automatic,205435
Mahindra,11,23313,1499,22.504660157127585,2,Diesel,Automatic,339565
Toyota,13,118175,2838,22.220065070649838,2,CNG,Manual,1120267
Mercedes,9,119914,1351,19.177465301548324,3,CNG,Automatic,2328650
Maruti,5,28705,1204,15.60186917699058,1,Petrol,Automatic,1087977
Mahindra,10,78445,1261,13.830045606448662,3,CNG,Manual,760113
Honda,4,108892,2979,11.58811477319694,3,Petrol,Manual,1527654
Maruti,11,7023,1673,15.32346525229831,1,Diesel,Automatic,1942115
BMW,6,124654,883,16.197587758115795,1,Petrol,Automatic,2339934
Audi,12,85073,2222,20.137343876561104,2,Petrol,Manual,647628
Honda,7,97197,1020,19.872397364463602,2,Diesel,Manual,1309137
Honda,5,69429,2191,11.051622094618853,3,Petrol,Automatic,664535
Mahindra,11,109195,911,15.928889731467367,2,Petrol,Automatic,1740808
Toyota,13,38848,1414,12.726683008260428,2,CNG,Manual,1548894
Mahindra,10,32766,2381,12.352190579752085,1,Diesel,Automatic,2157686
BMW,9,73099,1274,22.40953224605869,1,Petrol,Manual,256572
Toyota,3,74122,2713,10.628728250743864,2,Diesel,Automatic,2096424
BMW,7,53868,1070,16.28774313853182,1,Diesel,Manual,2333221
Toyota,10,124119,2720,12.523054836497773,2,Petrol,Manual,937550
Hyundai,10,100286,2190,23.18995323517711,1,CNG,Automatic,1012802
Honda,11,11643,839,18.355607699125528,1,Diesel,Automatic,1998954
Mercedes,5,41727,2782,13.47070954565272,1,Petrol,Manual,2160350
Audi,14,147077,1793,17.536409307495646,1,Diesel,Automatic,982533
BMW,7,114079,2812,20.972295395546737,2,CNG,Automatic,1129090
Maruti,2,70697,1089,24.371770133791507,3,CNG,Automatic,587902
Toyota,4,21029,1078,13.306690063681284,1,CNG,Manual,2171402
Audi,2,114458,1380,23.292726581940176,2,Petrol,Automatic,2100302
Maruti,14,115384,1662,24.014561712512354,2,Petrol,Automatic,1852332
Audi,13,73926,1053,23.74630816798099,1,CNG,Manual,884659
Mercedes,13,142069,980,19.531215352928648,3,Petrol,Automatic,639717
Maruti,12,60506,1480,19.447309816520615,1,CNG,Automatic,912494
Mahindra,7,83229,1624,16.04815949775734,2,Petrol,Manual,1390897
Tata,2,47092,1499,21.28596823455682,3,CNG,Manual,2441105
Mahindra,13,67539,2149,17.96941027526398,2,Diesel,Automatic,1520307
Tata,14,18428,2180,20.161571068424415,1,CNG,Automatic,1093441
Mahindra,11,146330,2473,16.426868557731932,3,CNG,Manual,681127
Tata,1,62775,2438,20.972446960647083,2,Petrol,Manual,1125337
Tata,9,10469,2757,22.367072764068237,2,Petrol,Automatic,1759366
Honda,1,33854,1011,12.196543849042243,2,Petrol,Automatic,1295589
Toyota,8,142328,2338,22.493945733613423,1,Petrol,Automatic,841629
Toyota,2,81256,1183,18.10444797685461,3,Petrol,Manual,1114217
Honda,12,104134,2514,22.669988636353366,1,Petrol,Automatic,1395402
Audi,8,137723,1141,16.46952559511522,1,Diesel,Manual,831872
Hyundai,13,89730,2638,15.685607280745526,1,CNG,Manual,278113
Audi,3,32386,2787,23.725910987758336,3,CNG,Manual,2121792
Maruti,6,38787,1643,13.76753901322602,1,CNG,Automatic,367809
Maruti,3,26621,2334,22.663184879292146,1,Diesel,Automatic,1759764
Tata,14,82984,1219,17.260308587641063,1,CNG,Automatic,1739219
Mahindra,7,39051,2788,17.711431638268895,1,Diesel,Manual,486268
Mahindra,10,54811,2732,14.62702422234226,2,Diesel,Automatic,595412
Toyota,9,35447,2649,18.595633009285237,1,Diesel,Manual,296651
BMW,2,133046,1105,14.878167944143168,2,CNG,Manual,1495125
Audi,12,89045,1668,10.589041213624785,1,Diesel,Manual,285395
Mercedes,12,121859,1935,14.07997908016534,3,CNG,Manual,2069085
Mahindra,14,8471,2234,10.09568565109886,2,CNG,Manual,565837
Mercedes,5,125312,1005,24.67532180585285,2,Petrol,Manual,1333859
Tata,13,144401,1295,24.48620814729621,2,Petrol,Automatic,1293060
Mercedes,6,51850,2709,15.927329462084575,2,Diesel,Manual,388726
Honda,4,59220,1845,20.92556281509469,3,Diesel,Automatic,1688332
Mercedes,4,98808,1012,15.187091476156375,1,CNG,Manual,414223
Hyundai,4,142469,1109,20.06639735628964,2,Diesel,Automatic,1365975
Tata,2,58072,2791,22.081450645689685,3,Diesel,Automatic,2139893
Audi,4,88820,1071,24.20134367038361,2,CNG,Automatic,2195457
Honda,11,28284,2622,16.00318413774508,1,Diesel,Automatic,1213071
Mahindra,1,88369,2879,21.749469744340715,2,Diesel,Manual,1429221
Maruti,12,30122,1242,13.988926759481782,3,CNG,Manual,898093
Audi,6,135349,1053,24.854984556904725,1,CNG,Manual,1886090
Maruti,1,75553,1320,10.386543981465268,3,Petrol,Manual,823538
Tata,10,99788,1776,19.052932097516816,1,CNG,Automatic,487906
Honda,6,67812,809,19.892589724769906,1,Petrol,Automatic,1938268
Toyota,1,12999,2383,20.32068335611193,1,Diesel,Automatic,1384592
Mahindra,6,27436,1934,11.805813681836336,2,CNG,Manual,2345977
Hyundai,10,47963,952,24.077946752096956,3,CNG,Automatic,2311029
Toyota,8,138168,2458,12.717749185751241,3,CNG,Manual,2426217
Tata,11,113899,2656,19.341301048597614,3,Diesel,Automatic,832731
Audi,2,31201,2014,13.340141186846274,1,Petrol,Automatic,561756
Hyundai,2,10105,2552,14.608246255319063,2,Diesel,Automatic,2414826
Mercedes,14,122666,1904,18.196878125921863,1,Diesel,Automatic,2221363
Hyundai,13,99848,1694,16.257901278468648,3,CNG,Automatic,717257
Tata,12,7839,1911,12.403384014647594,2,Petrol,Manual,596474
BMW,4,73920,903,12.564046036312725,2,Diesel,Automatic,1500457
Mercedes,11,48619,2714,16.272171822441994,2,CNG,Manual,231629
Maruti,3,47821,1806,21.359244674132512,3,Diesel,Manual,1155083
Mahindra,4,130736,1206,23.46946970271683,2,Diesel,Manual,1402606
Maruti,13,149565,2201,11.261914933890743,2,CNG,Manual,1681257
Hyundai,12,22069,966,15.896558613391015,1,CNG,Manual,2251933
Maruti,7,12531,1308,11.503683455843149,1,Petrol,Manual,1718367
Tata,13,143808,2461,10.248887209488968,2,Diesel,Manual,2219712
Audi,11,143782,1562,19.92578023965935,2,CNG,Manual,462199
Mahindra,1,72155,1480,19.036741629498817,1,CNG,Automatic,1337273
Maruti,6,67424,2920,12.445286707223293,1,Petrol,Automatic,2113207
Maruti,3,50603,1964,13.507192496395962,1,Petrol,Manual,1404966
Hyundai,11,137503,1381,10.355616304667775,3,CNG,Manual,233734
Audi,10,97573,1061,22.524208085416056,3,Petrol,Manual,413299
Toyota,7,145629,2163,24.620358940728273,1,CNG,Automatic,342728
Maruti,10,108302,2131,12.031893051920362,2,Diesel,Automatic,871253
Tata,2,136234,2338,13.472128206479471,1,Petrol,Manual,1753185
BMW,14,24675,1360,23.02614285920401,3,Diesel,Manual,1206152
Mahindra,2,78997,1899,23.896956969342774,2,Diesel,Automatic,893812
Maruti,13,145905,2703,16.294410742102155,3,Diesel,Automatic,1917202
Tata,4,12896,974,10.759337084036112,2,CNG,Manual,1631907
Tata,1,54733,2956,10.59087750539229,3,Diesel,Manual,1789804
Mahindra,3,46800,991,18.609247991035154,2,Diesel,Manual,852168
Toyota,13,101044,864,15.893426633397684,2,Diesel,Manual,1021247
Tata,9,10347,2297,10.429786413664818,2,CNG,Automatic,2346449
BMW,7,138715,2367,18.748785884688353,2,Diesel,Automatic,2357259
Tata,7,45785,1951,10.169538048835337,3,Diesel,Manual,492552
Tata,13,23681,2737,21.810579372239097,3,Petrol,Manual,2230290
Tata,13,108864,1168,14.596492340550574,2,CNG,Manual,1395055
Toyota,11,52299,1650,10.603870045138482,2,Diesel,Automatic,1408957
Maruti,4,22073,842,18.8252833147473,3,Petrol,Manual,2237998
Tata,2,107304,2707,15.96526621649582,2,CNG,Manual,1341766
Audi,14,35682,877,24.60700620035724,2,CNG,Manual,976644
Maruti,4,129302,2624,18.162979937555534,2,CNG,Automatic,2265167
Toyota,6,120359,2093,14.128587715555124,1,CNG,Manual,724658
Honda,11,143999,1473,20.64158296950962,2,CNG,Automatic,1624932
Maruti,11,71707,1500,14.07238003814067,1,CNG,Manual,986918
Maruti,3,70428,1558,23.563649371113478,2,Diesel,Manual,2058770
Mercedes,1,55601,2723,15.620829557610646,3,Diesel,Manual,203196
Hyundai,14,138611,1701,18.24802844164308,1,Diesel,Automatic,1749648
Mercedes,12,116487,1792,10.758596557363433,1,Diesel,Manual,2135573
BMW,8,33228,1991,16.391818569283462,2,Petrol,Manual,2111357
Hyundai,12,127788,2276,22.485453094914924,2,Diesel,Automatic,1670017
Mahindra,13,102239,1189,22.08473208045013,1,CNG,Automatic,2215470
Mahindra,5,31928,1799,13.364778382802893,3,Diesel,Automatic,1058811
Toyota,5,23322,1324,13.39118606515844,3,Diesel,Manual,1364650
Hyundai,11,92896,2655,22.259579683198552,2,CNG,Automatic,1867108
Maruti,4,67292,2306,23.95597630253988,3,Diesel,Manual,1981336
Mahindra,6,34055,1458,11.430413819095053,3,Diesel,Automatic,824588
Tata,3,47891,1690,16.750879591393378,2,Diesel,Automatic,2354327
Audi,9,86912,2281,15.061814184463435,3,Petrol,Automatic,1350127
Maruti,5,142660,1251,23.060326831861587,2,Diesel,Manual,1005408
BMW,3,95536,2337,11.25287372020028,1,CNG,Manual,2414904
Tata,11,11304,1682,13.16688913837056,2,CNG,Manual,493257
Tata,1,12345,1112,21.287025063797415,1,Diesel,Manual,2019456
Hyundai,10,96006,1639,10.769407734718234,1,Diesel,Manual,1788265
Toyota,12,134350,1174,17.38803071071434,3,Diesel,Manual,2178964
BMW,6,24446,1250,16.631605520195798,3,CNG,Manual,1464008
Mahindra,2,7336,1394,15.01601768483123,3,CNG,Manual,2462638
Hyundai,13,67032,2033,15.918584729783856,2,Petrol,Manual,1582212
Mahindra,3,102852,1299,17.949108803953493,3,Petrol,Automatic,1459112
Hyundai,1,143593,1263,12.420510375825746,1,Petrol,Automatic,1325269
Hyundai,9,23474,912,18.57993817425389,3,CNG,Manual,2062870
Hyundai,8,60718,1835,22.081484939499795,3,Petrol,Manual,2433414
Toyota,12,49629,2724,21.402413946852384,2,Diesel,Manual,1843063
Hyundai,2,50232,939,12.308498570406606,2,Diesel,Manual,2140374
Honda,12,91544,2224,12.238742046122109,1,CNG,Automatic,204331
Audi,11,55669,1316,14.0226155161737,2,Petrol,Automatic,1765976
Mahindra,8,74184,2747,15.416120895115558,3,Diesel,Manual,412854
Maruti,12,18140,2965,16.12683372112724,2,CNG,Automatic,750049
Mercedes,14,131468,1687,20.19545825250018,1,Petrol,Automatic,989694
BMW,9,88457,2141,10.85020648248753,3,Diesel,Manual,1753416
Toyota,1,19357,849,10.520090563390996,1,Petrol,Manual,980080
Maruti,13,116672,818,15.878658444158635,2,CNG,Manual,2481696
Tata,5,73673,1525,20.457455382069707,2,Petrol,Manual,1333243
Honda,8,126673,2273,12.901530144347237,1,CNG,Automatic,204677
Mercedes,11,70633,1251,19.622567218843777,3,Petrol,Manual,404580
Maruti,14,101111,1964,13.897422069104492,2,Diesel,Automatic,330334
Maruti,2,83258,1907,23.291291632202743,2,CNG,Manual,563581
Honda,4,148996,1014,23.43534916399925,3,CNG,Automatic,2275996
Mercedes,7,74286,2349,14.459308064219897,2,CNG,Manual,1168121
Tata,3,98269,927,13.449906309448608,1,Petrol,Manual,2252109
Hyundai,13,79071,2645,16.169559580993468,2,Petrol,Automatic,1833012
Mahindra,12,35651,1559,13.607973777702231,2,Diesel,Automatic,2081934
Tata,5,75202,2615,20.085757649375555,3,CNG,Automatic,758745
Hyundai,8,53777,1160,22.390970268224283,1,CNG,Manual,766819
Toyota,12,72263,1368,20.096381963668257,3,Petrol,Automatic,394243
Audi,10,105158,2215,22.36525670874024,2,Petrol,Automatic,1761021
BMW,3,15800,2397,15.954882433112111,2,Diesel,Automatic,457231
BMW,4,42823,2492,12.344754560632913,3,Diesel,Automatic,817423
Mahindra,14,68878,1001,21.06926421096388,3,Petrol,Automatic,790642
Mercedes,9,23708,2864,15.407117577123309,3,CNG,Automatic,837031
Honda,14,148891,1317,20.06906237843699,1,Diesel,Automatic,2203369
Mercedes,14,68870,2148,14.059659129726485,2,Petrol,Automatic,1806756
Honda,7,14283,2235,11.21844452210009,3,Petrol,Automatic,1450844
Mercedes,1,83707,2141,24.88872693231645,2,CNG,Manual,1116094
Audi,14,10774,1480,12.34302261895899,1,Petrol,Manual,295057
Toyota,12,147055,2788,24.826314909452215,1,Petrol,Automatic,1286985
Toyota,4,101468,2291,24.659198988496712,1,Diesel,Manual,446889
Hyundai,4,101334,1224,21.907271558620593,1,Petrol,Manual,2446609
Toyota,9,23133,2768,19.891344431229964,2,Petrol,Automatic,1665088
Toyota,6,5781,2512,18.667105753766272,1,Diesel,Automatic,2153574
Tata,9,119586,1577,22.99152318066752,1,CNG,Automatic,1075584
Tata,12,32624,2945,14.34159282429232,3,CNG,Automatic,1274958
Hyundai,6,11823,2626,17.015218187273156,1,Diesel,Automatic,2373827
Mahindra,6,23489,1007,19.29084954049753,3,Diesel,Automatic,281238
Tata,5,34118,2337,16.167857138042365,1,CNG,Manual,1242536
Mahindra,5,105417,2459,16.412296811354018,1,CNG,Automatic,1943227
Maruti,2,86816,821,14.954270012531266,3,CNG,Manual,786470
Tata,8,18565,953,18.463477250268042,1,CNG,Automatic,377216
Audi,8,96179,2762,22.75861792022674,2,CNG,Automatic,654988
Hyundai,11,28648,1018,13.022925670094693,2,Diesel,Manual,2376512
Maruti,13,46971,1468,24.01649558130162,1,Petrol,Automatic,323662
Audi,1,23658,2318,20.336314806223445,2,CNG,Automatic,2018352
Audi,8,26253,2867,22.34909819020045,3,CNG,Manual,836438
Audi,5,93664,1749,18.342860389450173,1,Petrol,Automatic,1680175
Mahindra,2,108850,2995,21.692750521360953,1,Petrol,Manual,2029484
Mercedes,14,142924,1202,10.243005960092008,3,Petrol,Automatic,1867690
Maruti,2,138623,1395,22.275706371693026,3,Petrol,Automatic,2132656
Honda,14,76947,2237,10.602082886280497,3,Petrol,Manual,425121
Maruti,6,66001,1957,23.34870064544294,1,Petrol,Automatic,2169036
Mercedes,11,127775,2542,24.87944120857965,3,Diesel,Manual,1022922
Maruti,13,38243,2106,14.411011932651668,3,Petrol,Manual,2274722
Toyota,9,80939,872,13.154778344286905,2,Petrol,Manual,1304188
Honda,1,62828,1280,21.48045045787061,2,Diesel,Automatic,1546879
Mercedes,12,143311,1359,13.7953951138038,1,Petrol,Automatic,1131310
Mahindra,6,11710,1544,22.98343574758305,2,CNG,Manual,411463
BMW,9,42991,2266,11.542638882362152,2,CNG,Automatic,1867788
Mercedes,8,143043,899,11.889327945690374,3,Petrol,Automatic,468602
Hyundai,11,90445,1882,24.687273326509235,3,Diesel,Automatic,862213
Mercedes,6,85257,1212,20.10758347405007,2,CNG,Manual,1551197
Toyota,3,42711,1888,22.703308366434293,2,Diesel,Automatic,742608
BMW,8,11530,1977,14.86494066027277,2,CNG,Manual,2391306
Toyota,9,16116,2808,20.147256242809064,1,Petrol,Automatic,293476
BMW,1,70794,1620,18.91362740962896,1,Diesel,Automatic,314560
Hyundai,12,136354,1461,19.047251801844205,1,Diesel,Manual,1120707
Mahindra,9,137970,1359,20.237986893065823,2,Diesel,Automatic,1549987
Toyota,14,9135,2071,18.63038759693648,2,CNG,Manual,1069241
Toyota,6,142701,2613,16.43593553953999,1,CNG,Automatic,749656
Audi,6,114472,1409,14.138840415708202,1,CNG,Manual,1694475
BMW,12,130147,824,21.52871996369803,2,Petrol,Automatic,2297953
Tata,4,94087,2828,13.394086450047793,3,CNG,Automatic,2026629
BMW,1,38380,1083,20.385314592316213,1,Petrol,Automatic,1724061
Audi,10,134951,2272,13.499992339739899,2,Diesel,Manual,291679
Maruti,8,22071,1100,19.37995254931681,2,Diesel,Manual,1964239
BMW,2,25074,1891,21.206174006935434,3,Petrol,Manual,1539083
Mahindra,12,72843,1830,13.280708333598088,2,CNG,Automatic,1410368
Audi,1,44901,1616,10.899149512919625,2,Petrol,Manual,1940081
Maruti,2,16205,882,11.964606144912612,1,Diesel,Manual,812236
Honda,1,129661,2720,19.089954509065382,1,Diesel,Manual,377476
Audi,1,10906,2893,22.741696093386032,3,Petrol,Manual,1399217
Honda,9,138663,1417,10.674952318531366,3,CNG,Manual,2032942
Toyota,13,130576,975,21.012268885624692,2,CNG,Manual,2453962
Audi,14,67987,1989,15.119779689250782,1,Petrol,Manual,1124276
Hyundai,1,85685,1641,17.17792554879284,3,Petrol,Manual,1268307
Honda,13,115454,1169,23.932893247683484,3,CNG,Manual,2482321
Mahindra,4,110487,2618,14.979572571037682,3,Diesel,Manual,2131441
Hyundai,10,59400,2901,16.980054009092292,2,Petrol,Automatic,465033
Mercedes,6,36852,1489,10.205236221410217,1,CNG,Automatic,733857
Mercedes,7,57756,2579,11.223980800072574,3,CNG,Manual,2122201
Maruti,2,120357,2164,13.87887386702176,1,Diesel,Automatic,1333768
Toyota,6,124052,2232,10.417783612316116,3,Diesel,Automatic,1335730
Audi,7,61481,1166,19.470629890723764,3,Diesel,Manual,1356649
Tata,10,6283,1443,16.395975352024337,1,Diesel,Manual,1468470
Mahindra,14,38691,872,18.22217804092033,1,Diesel,Manual,1824508
Honda,10,137197,2071,12.619707788444943,1,Petrol,Automatic,2116749
Hyundai,2,31170,1659,14.43898044154924,2,CNG,Manual,1042329
Mercedes,2,13438,842,19.957367122790878,3,Petrol,Automatic,1393582
Mahindra,10,25095,1864,24.479540854455998,2,Petrol,Manual,1733286
Tata,7,144076,2316,10.756251604033139,1,Petrol,Automatic,1088976
Audi,12,14752,2886,23.35576481282899,3,Petrol,Automatic,1791570
Maruti,1,60426,1168,18.653218019668127,2,Petrol,Manual,374588
Tata,8,31819,950,18.458793501334355,3,Diesel,Manual,1730332
Mahindra,11,97051,1934,17.504178028116407,2,Diesel,Automatic,324746
Tata,13,37994,2303,11.04091128856275,1,CNG,Automatic,744719
Mahindra,3,102756,2259,11.34815277604241,2,Petrol,Manual,1948071
Mahindra,11,145659,1870,19.01368008488629,3,CNG,Manual,1233290
BMW,6,100665,1823,15.114378571533376,3,Diesel,Automatic,631231
Honda,9,136717,2398,23.75902099866521,3,Diesel,Manual,955398
Mercedes,6,86835,2840,16.098858060392082,3,Diesel,Automatic,681438
BMW,9,127232,2189,12.149221880539617,1,Petrol,Manual,2452201
Audi,7,48732,868,20.72078250253054,2,Petrol,Manual,774120
BMW,9,51305,1743,14.400301321615148,1,Diesel,Manual,2075939
Toyota,2,14346,1601,17.882054610338397,1,CNG,Automatic,1458542
Toyota,12,5587,860,20.46749178257755,1,CNG,Manual,1320780
Mercedes,8,17763,1745,23.503961668031057,3,Diesel,Automatic,2342936
Tata,8,74615,2137,21.88286792202514,3,CNG,Manual,1504140
Honda,2,125987,1984,20.145416018090863,3,Diesel,Automatic,813794
Mercedes,12,96353,1130,20.194497735927154,2,CNG,Automatic,1988702
Mahindra,14,100648,2351,24.1888696604813,3,Diesel,Manual,1791711
Hyundai,4,30556,1137,14.437361462448042,2,CNG,Automatic,1828853
Honda,14,64042,2429,10.01668141294281,3,Petrol,Automatic,2258721
Honda,11,23099,2127,14.079318390972979,3,Diesel,Automatic,2160391
Mahindra,7,114089,2326,13.26837069440116,1,Diesel,Automatic,663144
Mahindra,11,149302,2473,19.927518776709974,1,CNG,Manual,2161921
Maruti,4,38866,2161,19.505673996482933,1,Diesel,Manual,1399029
Mercedes,4,110400,2373,18.90192074057086,2,Diesel,Manual,1099751
Mahindra,6,89246,1074,10.243651648141805,2,Diesel,Automatic,517817
Toyota,10,81975,1987,20.931670816759713,3,Petrol,Automatic,2320100
Audi,6,86557,2793,14.852956187282373,2,Petrol,Manual,259072
Hyundai,10,142488,1669,19.975839835099464,3,CNG,Manual,1906422
Mercedes,3,77516,1814,18.3486764275323,2,Petrol,Automatic,2363843
Toyota,9,37602,2711,15.140963881418607,2,CNG,Manual,207086
Tata,12,134295,1402,12.018644006561615,2,Petrol,Manual,589962
Mahindra,10,92969,2599,11.416283464907215,1,CNG,Automatic,792141
Mahindra,14,137161,1490,22.472774996683356,2,Petrol,Manual,1001680
Honda,11,146559,1293,23.77596313122337,1,Petrol,Automatic,2059234
Toyota,2,5155,1289,19.746820701464493,1,CNG,Manual,1142529
Honda,6,128950,1189,11.55151172290725,2,Diesel,Automatic,963210
Maruti,12,72494,1094,16.03040825332361,3,Diesel,Automatic,1787138
Honda,7,81229,2192,20.934088001577358,3,Petrol,Automatic,2286172
Maruti,12,109648,2517,21.69731326015102,3,CNG,Automatic,1565265
Maruti,13,43547,1448,11.773279334366329,2,Diesel,Automatic,315981
Mahindra,9,33795,2673,10.000460782680737,3,CNG,Manual,2463457
Tata,13,26447,1367,20.682055688209076,1,Diesel,Manual,216304
Honda,3,92960,1244,15.348942639793083,3,CNG,Manual,1522014
Toyota,10,68278,1162,13.817219974273904,2,Petrol,Automatic,488569
Maruti,3,60077,2970,10.193462046842882,3,CNG,Manual,924071
Mahindra,7,117782,2011,18.104491101422497,1,Diesel,Automatic,602641
Hyundai,14,107932,1541,22.767261031389726,2,Petrol,Automatic,817752
Mercedes,4,145600,2841,24.36447469408882,3,CNG,Manual,1162494
Tata,13,114869,1479,18.486174259199338,2,Diesel,Automatic,1715538
BMW,8,144251,2442,17.716919916098412,2,Petrol,Manual,2103303
Hyundai,13,53781,2372,11.275845782338617,2,CNG,Automatic,855362
Mercedes,7,58798,2158,18.233092023138994,3,Diesel,Automatic,2392848
Hyundai,5,103696,2939,15.69968618448092,2,CNG,Manual,870608
Honda,7,55939,862,19.107029213253654,3,CNG,Automatic,1844173
Maruti,3,34516,1962,15.8308952181482,1,Petrol,Manual,1169224
Tata,12,146521,2028,13.604486851755501,3,Petrol,Automatic,267421
Audi,2,55290,1055,11.424479128425647,1,Diesel,Manual,436436
Maruti,6,131688,934,14.723776668833436,3,Petrol,Automatic,1723659
Audi,2,91661,1674,11.449672514316283,2,Diesel,Manual,1551332
Mercedes,3,77954,1621,12.653454262359759,3,CNG,Manual,1786314
Mahindra,6,27746,2935,24.81004237869319,2,CNG,Automatic,1258067
BMW,5,72990,1622,16.66155335359928,1,Diesel,Manual,2414178
Toyota,8,63810,1773,17.97807649757525,3,CNG,Automatic,274804
Maruti,9,123362,2577,23.10427793105823,2,Petrol,Automatic,962803
Tata,11,138669,920,24.933533507360316,1,CNG,Manual,2172871
Hyundai,3,7659,2437,18.74071674017022,1,Petrol,Manual,2140483
Tata,12,91516,2164,22.187107315662573,3,Diesel,Manual,687335
Mercedes,10,79567,1807,14.904115365050128,1,Diesel,Manual,1233061
Audi,3,20037,1724,14.586159361709367,2,CNG,Manual,1461402
Hyundai,3,131498,1444,16.040555814918402,1,CNG,Automatic,1553940
Toyota,13,17109,2832,20.087608940104737,1,Petrol,Manual,2171027
Toyota,13,27010,2868,20.23287533882648,2,Petrol,Automatic,1566851
Maruti,6,13787,1041,14.728591519741762,1,CNG,Manual,2326028
Mercedes,1,144544,2419,11.99814886204943,1,CNG,Manual,1923907
Mahindra,7,66709,1602,19.48594384698263,1,Diesel,Manual,1503343
Mercedes,12,39518,1763,11.924887932831467,1,Diesel,Automatic,2109503
Audi,1,58909,868,18.67738762343995,2,Diesel,Manual,1276837
Tata,14,23351,1952,20.401331920844633,1,CNG,Automatic,1723163
Toyota,5,20282,995,20.509172445916775,2,CNG,Automatic,1737746
Tata,10,10075,2987,21.30208165989395,1,CNG,Automatic,1829040
Tata,13,33365,1545,23.09289132348497,1,Diesel,Manual,2439564
Tata,8,16002,2488,17.499384879471826,1,CNG,Automatic,1716925
Toyota,4,18947,1076,20.953737842943568,1,Petrol,Manual,2191637
Honda,5,99840,860,19.28759103048755,2,CNG,Automatic,2108281
Audi,4,121219,2713,12.799599096965238,2,CNG,Manual,1098760
Audi,12,83610,2899,10.385344673041123,2,CNG,Automatic,872636
Hyundai,12,57142,2572,14.268120785154007,3,CNG,Manual,584083
Mercedes,14,61307,2134,16.645505595064293,1,CNG,Manual,731598
Mercedes,4,140565,2637,19.256589166429844,1,Petrol,Manual,1613664
BMW,12,55085,1366,22.749389957548082,2,Petrol,Automatic,1914327
Mercedes,8,39228,2371,12.943685750592484,3,CNG,Automatic,2478845
Toyota,2,48472,1421,11.883246848477157,1,Diesel,Manual,866252
Mahindra,1,54437,2825,24.452199212114913,2,CNG,Automatic,2469839
Maruti,3,64711,2000,11.620668390646106,1,CNG,Automatic,803359
BMW,9,142888,1113,17.177366051607837,1,CNG,Automatic,896362
Maruti,4,82175,2944,18.78345593189953,2,Diesel,Automatic,2274887
Audi,10,69307,2036,18.120616313611574,2,Diesel,Automatic,1633331
Maruti,5,51733,936,11.290482355494149,1,Diesel,Automatic,1319234
Maruti,2,133202,1829,10.85540371005429,1,Petrol,Automatic,1782716
BMW,4,100028,2956,11.582251411915536,2,Diesel,Manual,467531
Hyundai,2,147312,1461,18.783815258089188,1,Petrol,Manual,2132303
Tata,2,97493,886,18.165173314514817,1,Petrol,Automatic,2266494
Mercedes,4,130149,2923,13.506111880551163,2,Diesel,Manual,626941
Mercedes,6,13259,2108,19.566612127683875,1,Diesel,Manual,855920
Toyota,7,133775,2500,22.30101253083474,1,Diesel,Manual,586354
BMW,10,19849,1294,10.623684397698906,3,Petrol,Automatic,1512032
Toyota,3,86768,2447,17.471949153220635,2,CNG,Automatic,1135709
Mahindra,3,111108,2742,20.339656181540356,3,Diesel,Automatic,2177675
Mahindra,10,94709,1868,13.784678906045306,3,Diesel,Automatic,2384718
Toyota,6,59869,2224,14.616563579397237,3,Diesel,Automatic,1483326
BMW,13,131888,1396,19.204568544840757,1,Petrol,Manual,2294589
Toyota,12,68095,1249,23.46902940165605,1,Petrol,Automatic,2285469
Mercedes,3,122886,1284,22.14886630454349,3,CNG,Manual,1546365
Honda,13,75910,1445,18.746953286493753,3,Diesel,Automatic,1336078
Maruti,2,28567,2429,20.953325766358738,3,Petrol,Manual,686598
Honda,8,40292,1461,15.47233705311698,1,CNG,Automatic,549454
BMW,5,79813,1557,19.61448292148137,3,Diesel,Automatic,2068521
Honda,1,102136,1088,16.992723866913355,3,Petrol,Automatic,733037
Mahindra,3,56631,1520,12.849042046863413,2,Diesel,Automatic,784933
Audi,10,14885,1437,20.52607410815886,2,Diesel,Automatic,413933
Maruti,8,71314,1298,18.34696956023233,1,Petrol,Automatic,1301751
Tata,4,70087,1433,15.37932372930387,2,Petrol,Manual,1201720
BMW,14,100998,2473,23.67008785117946,2,Petrol,Automatic,2445547
Maruti,7,54812,2830,10.314011767400999,2,Diesel,Manual,2347914
Honda,10,63643,914,14.73659726874244,1,Diesel,Automatic,2254300
Mahindra,12,49900,1473,10.853220966664699,2,CNG,Manual,627709
Hyundai,14,143923,2536,21.497909743324406,1,Diesel,Manual,455539
Tata,14,21288,2057,20.531611811706888,3,Petrol,Manual,1950866
Maruti,2,77692,946,14.970283281044756,2,Diesel,Manual,2238803
Mahindra,7,143440,2965,20.134943533106096,1,CNG,Manual,2002272
Mahindra,5,90436,1211,15.939058392939248,2,CNG,Manual,1281159
Honda,5,51403,2487,21.343806871336515,3,Petrol,Automatic,853080
Mercedes,6,96170,2332,16.812754941050592,1,Petrol,Manual,2377096
Honda,13,14168,936,16.184195917474984,1,CNG,Automatic,2235030
Mercedes,9,54879,818,24.020948732324513,1,CNG,Automatic,2150852
Mercedes,14,64871,2759,13.763186498360504,3,CNG,Manual,1240444
Tata,6,37174,1801,11.806710099948482,3,Petrol,Manual,212120
Honda,12,142653,1248,18.768146698891872,3,CNG,Automatic,824135
Hyundai,13,115155,2748,24.539827184262684,1,CNG,Manual,822863
Toyota,14,76853,1745,15.6675882059078,3,Petrol,Manual,744748
Toyota,8,69046,2177,10.930551454431722,2,Diesel,Manual,2112124
Honda,7,54678,2322,15.089579009643511,3,Diesel,Manual,2253902
Honda,9,31649,940,17.588974814793374,1,CNG,Manual,751616
Tata,4,132795,2720,12.428845099483205,2,Diesel,Manual,2421186
Honda,2,93668,892,19.87153327084738,3,Diesel,Manual,1794469
Mercedes,7,94906,1038,24.96624083515301,2,Diesel,Automatic,2145909
Mahindra,6,101019,1004,16.77609213972166,2,Diesel,Manual,1034030
Mahindra,1,83002,2256,15.320928350953189,1,CNG,Automatic,391848
Mercedes,11,33803,1044,16.010562502517,2,Diesel,Automatic,2107266
BMW,9,35795,1631,11.727192675928016,2,Diesel,Automatic,2466598
Mercedes,9,13770,1094,23.249104021393357,1,Petrol,Automatic,1976238
Hyundai,12,16093,1655,16.22238483282028,1,CNG,Manual,262784
Audi,2,136265,2864,15.809116171372619,1,Petrol,Automatic,1133432
Maruti,3,105311,870,19.895354093957117,2,Petrol,Automatic,1269850
Mercedes,5,22569,2092,16.630501313966853,2,CNG,Automatic,1902858
Honda,5,16190,2148,19.723502032117693,2,Diesel,Automatic,1020848
Honda,1,67824,1104,10.921694351961813,1,Petrol,Automatic,916358
Tata,8,47070,1830,22.20585015583341,3,CNG,Manual,443768
Mercedes,12,45197,2137,24.107559293191038,2,Diesel,Manual,2195127
Tata,8,7261,1616,19.73148079239079,3,CNG,Automatic,1941070
Mercedes,4,142788,1926,24.31848893288216,1,Petrol,Manual,1708834
Maruti,13,91795,1620,12.27148471554945,2,Diesel,Manual,1235108
Audi,7,33933,992,17.161242842205304,3,Diesel,Automatic,343435
Mahindra,11,140450,2576,19.02710100918171,2,CNG,Automatic,678365
Toyota,10,45583,1328,18.7260497113178,2,Diesel,Automatic,1162067
Mercedes,3,117082,1050,16.021926686335647,2,Petrol,Manual,2274242
Audi,6,90371,2588,15.071266140493922,3,Petrol,Automatic,1238457
Mahindra,14,116032,2826,11.902360338256281,1,Petrol,Manual,1819110
BMW,10,47604,2203,15.876136758434173,2,CNG,Manual,1128665
Maruti,13,100074,1967,12.439912226582276,1,Diesel,Manual,694209
Tata,10,78869,2872,21.015485147383274,1,Diesel,Automatic,813398
Tata,12,10410,1896,13.132464032418849,3,Diesel,Manual,1734230
Honda,14,88375,2647,10.878479579268008,3,Petrol,Automatic,1963796
Mahindra,9,101055,1304,18.285492067258517,1,Diesel,Automatic,1456847
BMW,1,142868,2421,18.928445990791026,2,Petrol,Automatic,795976
Audi,5,91716,2187,23.078695919207583,3,Diesel,Automatic,1051980
Maruti,4,59245,2022,18.654724186265227,2,Petrol,Automatic,1966299
Mahindra,8,48056,1517,15.182212805851686,2,Diesel,Manual,473306
BMW,11,63557,1138,22.04517822289481,2,CNG,Manual,1862656
Toyota,12,22543,1458,18.104183397811315,1,CNG,Manual,899793
Mercedes,1,101038,1761,11.189204269467876,2,Petrol,Manual,1718642
Tata,9,8828,1228,18.4877584046987,1,Petrol,Manual,1314764
Audi,6,121656,1698,23.620278181324935,1,Diesel,Automatic,1434599
Tata,4,22087,938,15.944689382473308,2,Diesel,Automatic,2116726
Audi,12,148677,1341,14.444887028497,2,CNG,Manual,962476
Honda,9,36337,2904,12.152041855270301,2,Diesel,Manual,760846
Audi,11,141554,2055,12.27168282903036,2,Petrol,Manual,328938
Tata,5,70333,1183,16.49157226512728,1,Petrol,Automatic,1395307
Audi,5,141535,993,18.935197362422944,2,Petrol,Automatic,1055656
Toyota,12,75448,2695,11.209231077544025,2,Petrol,Automatic,666441
Honda,5,9648,1531,24.093528835377484,1,Petrol,Manual,1881405
Audi,1,135576,2963,21.32700426167794,3,CNG,Manual,684716
Mahindra,1,38623,1484,18.79935877425494,3,CNG,Manual,1992363
Hyundai,8,40634,881,22.426580064084863,1,Petrol,Manual,838922
BMW,12,119598,1331,11.2028013521817,3,Diesel,Automatic,977867
Hyundai,8,54334,2783,17.152583165996866,1,Petrol,Manual,1568465
Hyundai,12,73648,1020,19.45139690292495,2,CNG,Manual,1876779
Maruti,6,27054,1434,22.429793591774338,2,Petrol,Manual,1762607
Toyota,12,75028,2569,21.752043400739016,3,CNG,Automatic,1902424
Mahindra,11,27207,2674,14.156038745700995,2,CNG,Automatic,1385560
Mercedes,13,86554,802,24.113202543388063,3,Petrol,Manual,1960968
Audi,4,88276,2517,11.865187621463056,3,Petrol,Automatic,1146301
BMW,2,57781,1005,23.127004279317283,2,Diesel,Automatic,861809
Honda,14,66035,2655,24.56410374406928,2,CNG,Automatic,332797
Mahindra,2,13210,839,12.657302848339384,3,Diesel,Automatic,1067838
Tata,9,49363,2906,20.830990963056777,2,Petrol,Automatic,1257880
Mercedes,5,83279,1443,10.604282781669976,1,CNG,Manual,325555
Maruti,4,139393,2330,16.081342377087324,2,Diesel,Manual,1771853
Maruti,10,86348,2707,17.74424948796511,2,Diesel,Manual,668224
Mahindra,13,118816,2943,18.709678388644512,1,Diesel,Automatic,1507066
Hyundai,1,128053,1697,24.03905872372839,2,Petrol,Automatic,1586311
Tata,7,71262,1885,20.08376030941292,2,Petrol,Automatic,1605764
Maruti,3,139832,2079,17.219169268288553,3,Petrol,Automatic,985890
BMW,6,72411,1470,22.14512554398834,2,CNG,Manual,1911382
Maruti,5,28377,2305,24.257992314316134,2,Petrol,Manual,1630024
Honda,5,43211,1518,10.330992230234363,1,CNG,Manual,1122229
Audi,11,8744,1871,24.73781908384058,3,Diesel,Manual,812495
Maruti,5,29995,2755,11.291982085955205,3,Diesel,Manual,398017
Honda,1,39542,1959,22.21580168903142,3,Petrol,Manual,1264941
Mahindra,1,15651,1049,14.205021288271187,2,Diesel,Automatic,1052224
Mahindra,3,104239,2692,11.982694866308076,3,Petrol,Automatic,871064
Mercedes,14,83931,2653,16.597834595707525,1,CNG,Manual,2458126
Maruti,12,107112,2303,19.659348691714204,3,Diesel,Automatic,1642987
BMW,10,21715,2034,15.714277675352125,1,Petrol,Manual,450319
Maruti,4,66350,843,10.818481124240485,3,Diesel,Manual,1039949
BMW,5,76425,1382,18.991917094880748,3,Diesel,Automatic,234012
Toyota,2,91120,2088,23.536049141660122,1,Petrol,Manual,866775
Mercedes,8,119889,1019,15.748230489208776,3,Diesel,Manual,1794550
Toyota,11,146130,2725,13.244991664462406,3,Diesel,Manual,707730
Maruti,11,79637,1790,16.63866018899223,3,Diesel,Automatic,1932679
Mercedes,14,75194,2612,10.725440665731712,2,Diesel,Automatic,2329313
Toyota,2,81917,1657,22.30731376720412,1,CNG,Automatic,654529
Hyundai,9,69200,1603,22.3951121642528,3,Diesel,Automatic,1513122
Maruti,2,110848,1289,18.820006951444427,1,Diesel,Manual,1311766
Toyota,13,111022,2580,15.296543334075842,1,Petrol,Automatic,739203
Hyundai,9,65058,2293,21.99675046668675,1,CNG,Automatic,1511629
Hyundai,7,67068,2505,18.32030537182551,3,Petrol,Automatic,1100542
Mahindra,8,104932,853,22.388984628250242,3,Petrol,Manual,234112
Maruti,11,142103,1415,19.47188188874531,1,Petrol,Automatic,1335166
Hyundai,2,27785,1882,21.76608209819196,2,CNG,Automatic,1890336
Mahindra,7,99475,2648,18.9784448982664,1,Petrol,Manual,494768
Toyota,12,7282,1754,16.212116023234994,2,Petrol,Manual,261264
Honda,6,72534,2429,24.369187898892065,1,Petrol,Manual,1100198
Maruti,4,79964,1449,18.11670737318267,1,Diesel,Manual,2167775
Mercedes,7,124006,1194,19.076342778108078,1,Petrol,Automatic,843790
BMW,14,55583,2159,13.307314591221239,3,CNG,Manual,643148
BMW,13,43392,1170,19.384761841409148,2,CNG,Automatic,1418284
Toyota,4,12461,1657,18.574114742244156,2,Diesel,Automatic,2008570
Toyota,2,105123,1590,12.772575969205374,1,CNG,Automatic,1388878
Hyundai,10,15516,1457,10.893806460297156,3,CNG,Automatic,2148058
Maruti,12,126251,2192,19.065389795721565,3,Diesel,Automatic,694523
BMW,7,67493,1183,21.455384040254806,2,Petrol,Manual,1798515
BMW,8,41027,2909,17.851020563830122,3,Diesel,Automatic,822207
Hyundai,2,98547,1038,13.401589379794686,2,Petrol,Automatic,911232
BMW,5,105127,994,19.997829650395524,2,Petrol,Automatic,842064
Mercedes,1,84003,2908,11.201585899144034,2,CNG,Manual,1065630
Maruti,7,44758,1952,16.62750557202932,3,Diesel,Automatic,1393387
Audi,8,59312,2815,12.450501375976302,2,CNG,Automatic,330697
BMW,13,73670,955,12.76688576589825,2,CNG,Manual,2185500
Toyota,6,87279,1722,13.034409237373055,1,Petrol,Automatic,1509989
